{
    "timestamp": "20260428_193625",
    "loop_iteration": 2,
    "metrics": {
        "iteration": 2,
        "eval_samples": 500,
        "dataset build time": 1.400003384333104e-06,
        "avg_w": 0.00034001467522218863,
        "avg_r": 0.1689445193302124,
        "Screwdriver training time": 1954.2966350999995,
        "internal_params": {
            "beta": 1.9699074029922485,
            "restore_mag": -0.1067134439945221
        },
        "finance_sentiment end stats": {
            "base_cluster_score": -0.04734853282570839,
            "steered_cluster_score": -0.047619760036468506,
            "cluster_improvement": -0.0002712272107601166,
            "base_ari": 0.053602710643049056,
            "steered_ari": 0.04860227019181384,
            "ari_improvement": -0.005000440451235218,
            "base_accuracy": 0.83,
            "steered_accuracy": 0.83,
            "accuracy_improvement": 0.0,
            "base_f1": 0.7430298561134706,
            "steered_f1": 0.7430298561134706,
            "f1_improvement": 0.0,
            "average_layers_altered": 3,
            "time to complete": 497.7989372999946,
            "eval_config": {
                "dataset_path": "FinanceMTEB/financial_phrasebank",
                "config_name": "default",
                "split": "train",
                "task_label": "Analyze the sentiment of this text:",
                "baseline_prompt": "The event occurred on a Tuesday afternoon."
            }
        },
        "tweet_emotion end stats": {
            "base_cluster_score": -0.03061773255467415,
            "steered_cluster_score": -0.030655434355139732,
            "cluster_improvement": -3.77018004655838e-05,
            "base_ari": 0.0015767865853519017,
            "steered_ari": 0.0015767865853519017,
            "ari_improvement": 0.0,
            "base_accuracy": 0.5866666666666667,
            "steered_accuracy": 0.5733333333333334,
            "accuracy_improvement": -0.013333333333333308,
            "base_f1": 0.49197604197604194,
            "steered_f1": 0.4843281148075669,
            "f1_improvement": -0.007647927168475066,
            "average_layers_altered": 3,
            "time to complete": 371.265195699998,
            "eval_config": {
                "dataset_path": "tweet_eval",
                "config_name": "emotion",
                "split": "validation",
                "task_label": "Determine the emotion of this text:",
                "baseline_prompt": "The event occurred on a Tuesday afternoon."
            }
        },
        "movie_sentiment end stats": {
            "base_cluster_score": 0.0,
            "steered_cluster_score": 0.0,
            "cluster_improvement": 0.0,
            "base_ari": 0.0,
            "steered_ari": 0.0,
            "ari_improvement": 0.0,
            "base_accuracy": 0.0,
            "steered_accuracy": 0.0,
            "accuracy_improvement": 0.0,
            "base_f1": 0.0,
            "steered_f1": 0.0,
            "f1_improvement": 0.0,
            "average_layers_altered": 3,
            "time to complete": 455.4269168000028,
            "eval_config": {
                "dataset_path": "rotten_tomatoes",
                "config_name": "default",
                "split": "validation",
                "task_label": "Analyze the sentiment of this text:",
                "baseline_prompt": "The window was left slightly open."
            }
        },
        "subjectivity end stats": {
            "base_cluster_score": 0.022579362615942955,
            "steered_cluster_score": 0.02268487587571144,
            "cluster_improvement": 0.00010551325976848602,
            "base_ari": 0.023434278677744887,
            "steered_ari": 0.023434278677744887,
            "ari_improvement": 0.0,
            "base_accuracy": 0.91,
            "steered_accuracy": 0.91,
            "accuracy_improvement": 0.0,
            "base_f1": 0.9092650468797259,
            "steered_f1": 0.9092650468797259,
            "f1_improvement": 0.0,
            "average_layers_altered": 3,
            "time to complete": 499.1314990999963,
            "eval_config": {
                "dataset_path": "SetFit/subj",
                "config_name": "default",
                "split": "test",
                "task_label": "Determine if this text is objective or subjective:",
                "baseline_prompt": "The receipt was printed on thermal paper."
            }
        },
        "spam_detection end stats": {
            "base_cluster_score": 0.04842653498053551,
            "steered_cluster_score": 0.048324719071388245,
            "cluster_improvement": -0.00010181590914726257,
            "base_ari": 0.031921730729074074,
            "steered_ari": 0.03493634821039733,
            "ari_improvement": 0.0030146174813232562,
            "base_accuracy": 0.9,
            "steered_accuracy": 0.9,
            "accuracy_improvement": 0.0,
            "base_f1": 0.8996386993175431,
            "steered_f1": 0.8996386993175431,
            "f1_improvement": 0.0,
            "average_layers_altered": 3,
            "time to complete": 526.2114168000044,
            "eval_config": {
                "dataset_path": "SetFit/enron_spam",
                "config_name": "default",
                "split": "test",
                "task_label": "Categorize this text as legitimate or spam:",
                "baseline_prompt": "A stack of magazines sat on the coffee table."
            }
        },
        "total time": 4310.323662499999
    }
}