{
    "timestamp": "20260429_025416",
    "loop_iteration": 6,
    "metrics": {
        "iteration": 6,
        "eval_samples": 500,
        "dataset build time": 7.999988156370819e-07,
        "avg_w": 0.0002971811937118702,
        "avg_r": 0.14203131175104608,
        "Screwdriver training time": 1916.7653197999898,
        "internal_params": {
            "beta": 1.969705581665039,
            "restore_mag": -0.09300041943788528
        },
        "finance_sentiment end stats": {
            "base_cluster_score": -0.04735793173313141,
            "steered_cluster_score": -0.04719141498208046,
            "cluster_improvement": 0.0001665167510509491,
            "base_ari": 0.05612957998460845,
            "steered_ari": 0.05612957998460845,
            "ari_improvement": 0.0,
            "base_accuracy": 0.86,
            "steered_accuracy": 0.86,
            "accuracy_improvement": 0.0,
            "base_f1": 0.8082382133995036,
            "steered_f1": 0.8082382133995036,
            "f1_improvement": 0.0,
            "average_layers_altered": 3,
            "time to complete": 501.5358111000096,
            "eval_config": {
                "dataset_path": "FinanceMTEB/financial_phrasebank",
                "config_name": "default",
                "split": "train",
                "task_label": "Analyze the sentiment of this text:",
                "baseline_prompt": "The event occurred on a Tuesday afternoon."
            }
        },
        "tweet_emotion end stats": {
            "base_cluster_score": -0.030609961599111557,
            "steered_cluster_score": -0.030619926750659943,
            "cluster_improvement": -9.96515154838562e-06,
            "base_ari": 0.0011675701111424765,
            "steered_ari": 0.0011675701111424765,
            "ari_improvement": 0.0,
            "base_accuracy": 0.6,
            "steered_accuracy": 0.6,
            "accuracy_improvement": 0.0,
            "base_f1": 0.4604978354978355,
            "steered_f1": 0.4604978354978355,
            "f1_improvement": 0.0,
            "average_layers_altered": 3,
            "time to complete": 375.7369921000063,
            "eval_config": {
                "dataset_path": "tweet_eval",
                "config_name": "emotion",
                "split": "validation",
                "task_label": "Determine the emotion of this text:",
                "baseline_prompt": "The event occurred on a Tuesday afternoon."
            }
        },
        "movie_sentiment end stats": {
            "base_cluster_score": 0.0,
            "steered_cluster_score": 0.0,
            "cluster_improvement": 0.0,
            "base_ari": 0.0,
            "steered_ari": 0.0,
            "ari_improvement": 0.0,
            "base_accuracy": 0.0,
            "steered_accuracy": 0.0,
            "accuracy_improvement": 0.0,
            "base_f1": 0.0,
            "steered_f1": 0.0,
            "f1_improvement": 0.0,
            "average_layers_altered": 3,
            "time to complete": 461.8973820000101,
            "eval_config": {
                "dataset_path": "rotten_tomatoes",
                "config_name": "default",
                "split": "validation",
                "task_label": "Analyze the sentiment of this text:",
                "baseline_prompt": "The window was left slightly open."
            }
        },
        "subjectivity end stats": {
            "base_cluster_score": 0.02256040833890438,
            "steered_cluster_score": 0.02252819575369358,
            "cluster_improvement": -3.221258521080017e-05,
            "base_ari": 0.016415699098262425,
            "steered_ari": 0.016415699098262425,
            "ari_improvement": 0.0,
            "base_accuracy": 0.92,
            "steered_accuracy": 0.92,
            "accuracy_improvement": 0.0,
            "base_f1": 0.9191919191919191,
            "steered_f1": 0.9191919191919191,
            "f1_improvement": 0.0,
            "average_layers_altered": 3,
            "time to complete": 506.88808259999496,
            "eval_config": {
                "dataset_path": "SetFit/subj",
                "config_name": "default",
                "split": "test",
                "task_label": "Determine if this text is objective or subjective:",
                "baseline_prompt": "The receipt was printed on thermal paper."
            }
        },
        "spam_detection end stats": {
            "base_cluster_score": 0.04841238260269165,
            "steered_cluster_score": 0.048400092869997025,
            "cluster_improvement": -1.2289732694625854e-05,
            "base_ari": 0.031921730729074074,
            "steered_ari": 0.031921730729074074,
            "ari_improvement": 0.0,
            "base_accuracy": 0.92,
            "steered_accuracy": 0.92,
            "accuracy_improvement": 0.0,
            "base_f1": 0.9198717948717949,
            "steered_f1": 0.9198717948717949,
            "f1_improvement": 0.0,
            "average_layers_altered": 3,
            "time to complete": 529.8844900000113,
            "eval_config": {
                "dataset_path": "SetFit/enron_spam",
                "config_name": "default",
                "split": "test",
                "task_label": "Categorize this text as legitimate or spam:",
                "baseline_prompt": "A stack of magazines sat on the coffee table."
            }
        },
        "total time": 4298.613421199989
    }
}