{
    "timestamp": "20260427_111036",
    "loop_iteration": 1,
    "metrics": {
        "iteration": 1,
        "eval_samples": 500,
        "dataset build time": 8.00006091594696e-07,
        "avg_w": 1306.619141405002,
        "avg_r": 0.010544179712597745,
        "Screwdriver training time": 7230.509791999939,
        "internal_params": {
            "magnitude_scalar": 0.3968953788280487,
            "beta": 2.1415820121765137,
            "restore_mag": 0.0067293536849319935
        },
        "finance_sentiment end stats": {
            "base_cluster_score": -0.04729871451854706,
            "steered_cluster_score": -0.07783686369657516,
            "cluster_improvement": -0.030538149178028107,
            "base_ari": 0.05285462118323916,
            "steered_ari": -0.017250791080519478,
            "ari_improvement": -0.07010541226375863,
            "base_accuracy": 0.85,
            "steered_accuracy": 0.67,
            "accuracy_improvement": -0.17999999999999994,
            "base_f1": 0.7982222222222223,
            "steered_f1": 0.5503133903133903,
            "f1_improvement": -0.24790883190883195,
            "average_layers_altered": 3,
            "time to complete": 493.7780177000677,
            "eval_config": {
                "dataset_path": "FinanceMTEB/financial_phrasebank",
                "config_name": "default",
                "split": "train",
                "task_label": "Analyze the sentiment of this text:",
                "baseline_prompt": "The event occurred on a Tuesday afternoon."
            }
        },
        "tweet_emotion end stats": {
            "base_cluster_score": -0.03063575178384781,
            "steered_cluster_score": -0.01939091645181179,
            "cluster_improvement": 0.011244835332036018,
            "base_ari": 0.0015767865853519017,
            "steered_ari": 0.0043375953036128055,
            "ari_improvement": 0.002760808718260904,
            "base_accuracy": 0.56,
            "steered_accuracy": 0.4533333333333333,
            "accuracy_improvement": -0.10666666666666674,
            "base_f1": 0.5127518101656032,
            "steered_f1": 0.32672213622291024,
            "f1_improvement": -0.18602967394269299,
            "average_layers_altered": 3,
            "time to complete": 371.0999476999277,
            "eval_config": {
                "dataset_path": "tweet_eval",
                "config_name": "emotion",
                "split": "validation",
                "task_label": "Determine the emotion of this text:",
                "baseline_prompt": "The event occurred on a Tuesday afternoon."
            }
        },
        "movie_sentiment end stats": {
            "base_cluster_score": 0.0,
            "steered_cluster_score": 0.0,
            "cluster_improvement": 0.0,
            "base_ari": 0.0,
            "steered_ari": 0.0,
            "ari_improvement": 0.0,
            "base_accuracy": 0.0,
            "steered_accuracy": 0.0,
            "accuracy_improvement": 0.0,
            "base_f1": 0.0,
            "steered_f1": 0.0,
            "f1_improvement": 0.0,
            "average_layers_altered": 3,
            "time to complete": 455.3695892000105,
            "eval_config": {
                "dataset_path": "rotten_tomatoes",
                "config_name": "default",
                "split": "validation",
                "task_label": "Analyze the sentiment of this text:",
                "baseline_prompt": "The window was left slightly open."
            }
        },
        "subjectivity end stats": {
            "base_cluster_score": 0.022578101605176926,
            "steered_cluster_score": 0.010637040250003338,
            "cluster_improvement": -0.011941061355173588,
            "base_ari": 0.018670924541390303,
            "steered_ari": -0.0012532698136941862,
            "ari_improvement": -0.01992419435508449,
            "base_accuracy": 0.9,
            "steered_accuracy": 0.86,
            "accuracy_improvement": -0.040000000000000036,
            "base_f1": 0.8993558776167472,
            "steered_f1": 0.8590982286634461,
            "f1_improvement": -0.040257648953301084,
            "average_layers_altered": 3,
            "time to complete": 496.96775199996773,
            "eval_config": {
                "dataset_path": "SetFit/subj",
                "config_name": "default",
                "split": "test",
                "task_label": "Determine if this text is objective or subjective:",
                "baseline_prompt": "The receipt was printed on thermal paper."
            }
        },
        "spam_detection end stats": {
            "base_cluster_score": 0.04842878878116608,
            "steered_cluster_score": 0.011213227175176144,
            "cluster_improvement": -0.03721556160598993,
            "base_ari": 0.03192093449851545,
            "steered_ari": 0.004294497989232129,
            "ari_improvement": -0.02762643650928332,
            "base_accuracy": 0.91,
            "steered_accuracy": 0.82,
            "accuracy_improvement": -0.09000000000000008,
            "base_f1": 0.9097744360902256,
            "steered_f1": 0.8199279711884754,
            "f1_improvement": -0.08984646490175019,
            "average_layers_altered": 3,
            "time to complete": 521.9268665999407,
            "eval_config": {
                "dataset_path": "SetFit/enron_spam",
                "config_name": "default",
                "split": "test",
                "task_label": "Categorize this text as legitimate or spam:",
                "baseline_prompt": "A stack of magazines sat on the coffee table."
            }
        },
        "total time": 9576.06834160001
    }
}