{
    "timestamp": "20260430_221105",
    "loop_iteration": 1,
    "metrics": {
        "iteration": 1,
        "eval_samples": 1000,
        "dataset build time": 2.00001522898674e-07,
        "Screwdriver training time": 3.00002284348011e-07,
        "internal_params": {
            "beta": 1.939251184463501,
            "restore_mag": -0.1213209331035614
        },
        "finance_sentiment end stats": {
            "base_cluster_score": -0.0307911429554224,
            "steered_cluster_score": -0.030792880803346634,
            "cluster_improvement": -1.737847924232483e-06,
            "base_ari": 0.08310335322726063,
            "steered_ari": 0.08310335322726063,
            "ari_improvement": 0.0,
            "base_accuracy": 0.845,
            "steered_accuracy": 0.845,
            "accuracy_improvement": 0.0,
            "base_f1": 0.7912064733854886,
            "steered_f1": 0.7912064733854886,
            "f1_improvement": 0.0,
            "average_layers_altered": 3,
            "time to complete": 987.5922729999875,
            "eval_config": {
                "dataset_path": "FinanceMTEB/financial_phrasebank",
                "config_name": "default",
                "split": "train",
                "task_label": "Analyze the sentiment of this text:",
                "baseline_prompt": "The event occurred on a Tuesday afternoon."
            }
        },
        "tweet_emotion end stats": {
            "base_cluster_score": -0.030602289363741875,
            "steered_cluster_score": -0.030634699389338493,
            "cluster_improvement": -3.241002559661865e-05,
            "base_ari": 0.0012792626453992872,
            "steered_ari": 0.00028597183497804384,
            "ari_improvement": -0.0009932908104212433,
            "base_accuracy": 0.56,
            "steered_accuracy": 0.56,
            "accuracy_improvement": 0.0,
            "base_f1": 0.47141961807554067,
            "steered_f1": 0.47141961807554067,
            "f1_improvement": 0.0,
            "average_layers_altered": 3,
            "time to complete": 370.62459130000207,
            "eval_config": {
                "dataset_path": "tweet_eval",
                "config_name": "emotion",
                "split": "validation",
                "task_label": "Determine the emotion of this text:",
                "baseline_prompt": "The event occurred on a Tuesday afternoon."
            }
        },
        "movie_sentiment end stats": {
            "base_cluster_score": 0.011766500771045685,
            "steered_cluster_score": 0.011763175949454308,
            "cluster_improvement": -3.3248215913772583e-06,
            "base_ari": 0.0051648744496359715,
            "steered_ari": 0.0051648744496359715,
            "ari_improvement": 0.0,
            "base_accuracy": 0.865,
            "steered_accuracy": 0.865,
            "accuracy_improvement": 0.0,
            "base_f1": 0.8631906969673937,
            "steered_f1": 0.8631906969673937,
            "f1_improvement": 0.0,
            "average_layers_altered": 3,
            "time to complete": 912.0960615999938,
            "eval_config": {
                "dataset_path": "rotten_tomatoes",
                "config_name": "default",
                "split": "validation",
                "task_label": "Analyze the sentiment of this text:",
                "baseline_prompt": "The window was left slightly open."
            }
        },
        "subjectivity end stats": {
            "base_cluster_score": 0.022792689502239227,
            "steered_cluster_score": 0.022748179733753204,
            "cluster_improvement": -4.450976848602295e-05,
            "base_ari": 0.02503384976284594,
            "steered_ari": 0.025098705773753092,
            "ari_improvement": 6.48560109071522e-05,
            "base_accuracy": 0.915,
            "steered_accuracy": 0.915,
            "accuracy_improvement": 0.0,
            "base_f1": 0.9146393512590696,
            "steered_f1": 0.9146393512590696,
            "f1_improvement": 0.0,
            "average_layers_altered": 3,
            "time to complete": 995.7906623000163,
            "eval_config": {
                "dataset_path": "SetFit/subj",
                "config_name": "default",
                "split": "test",
                "task_label": "Determine if this text is objective or subjective:",
                "baseline_prompt": "The receipt was printed on thermal paper."
            }
        },
        "spam_detection end stats": {
            "base_cluster_score": 0.04247906804084778,
            "steered_cluster_score": 0.04248545691370964,
            "cluster_improvement": 6.388872861862183e-06,
            "base_ari": 0.03067769931451229,
            "steered_ari": 0.03067769931451229,
            "ari_improvement": 0.0,
            "base_accuracy": 0.8851351351351351,
            "steered_accuracy": 0.8851351351351351,
            "accuracy_improvement": 0.0,
            "base_f1": 0.885003885003885,
            "steered_f1": 0.885003885003885,
            "f1_improvement": 0.0,
            "average_layers_altered": 3,
            "time to complete": 774.5785107999982,
            "eval_config": {
                "dataset_path": "SetFit/enron_spam",
                "config_name": "default",
                "split": "test",
                "task_label": "Categorize this text as legitimate or spam:",
                "baseline_prompt": "A stack of magazines sat on the coffee table."
            }
        },
        "banking_intent end stats": {
            "base_cluster_score": -0.12636706233024597,
            "steered_cluster_score": -0.12641583383083344,
            "cluster_improvement": -4.877150058746338e-05,
            "base_ari": 0.01821203705633275,
            "steered_ari": 0.01820941949696748,
            "ari_improvement": -2.617559365272748e-06,
            "base_accuracy": 0.62,
            "steered_accuracy": 0.62,
            "accuracy_improvement": 0.0,
            "base_f1": 0.6234532784037428,
            "steered_f1": 0.6234532784037428,
            "f1_improvement": 0.0,
            "average_layers_altered": 3,
            "time to complete": 940.7607812999922,
            "eval_config": {
                "dataset_path": "banking77",
                "config_name": "default",
                "split": "test",
                "task_label": "Identify the customer intent in this banking query:",
                "baseline_prompt": "The clock on the wall shows the correct time."
            }
        },
        "sst2_sentiment end stats": {
            "base_cluster_score": 0.018372325226664543,
            "steered_cluster_score": 0.01836223527789116,
            "cluster_improvement": -1.0089948773384094e-05,
            "base_ari": 0.014835991688362698,
            "steered_ari": 0.014835991688362698,
            "ari_improvement": 0.0,
            "base_accuracy": 0.8171428571428572,
            "steered_accuracy": 0.8171428571428572,
            "accuracy_improvement": 0.0,
            "base_f1": 0.8169934640522876,
            "steered_f1": 0.8169934640522876,
            "f1_improvement": 0.0,
            "average_layers_altered": 3,
            "time to complete": 842.092513200012,
            "eval_config": {
                "dataset_path": "glue",
                "config_name": "sst2",
                "split": "validation",
                "task_label": "Analyze the sentiment of this sentence:",
                "baseline_prompt": "A small bird flew across the yard."
            }
        },
        "tweet_irony end stats": {
            "base_cluster_score": 0.006159611977636814,
            "steered_cluster_score": 0.0061628082767128944,
            "cluster_improvement": 3.1962990760803223e-06,
            "base_ari": 0.008796684843528734,
            "steered_ari": 0.008372116328032605,
            "ari_improvement": -0.0004245685154961286,
            "base_accuracy": 0.6178010471204188,