{
    "timestamp": "20260501_160947",
    "loop_iteration": 1,
    "metrics": {
        "avg_w": 0.00029518456118394365,
        "avg_r": 0.8630819729668029,
        "iteration": 1,
        "eval_samples": 1000,
        "dataset build time": 9.999996564147295e-08,
        "Screwdriver training time": 8497.443959,
        "internal_params": {
            "beta": 1.8543375730514526,
            "restore_mag": -0.14044325053691864
        },
        "finance_sentiment end stats": {
            "base_cluster_score": -0.030908141285181046,
            "steered_cluster_score": -0.030977798625826836,
            "cluster_improvement": -6.96573406457901e-05,
            "base_ari": 0.08216099526893196,
            "steered_ari": 0.08216099526893196,
            "ari_improvement": 0.0,
            "base_accuracy": 0.815,
            "steered_accuracy": 0.83,
            "accuracy_improvement": 0.015000000000000013,
            "base_f1": 0.7586666666666667,
            "steered_f1": 0.7735666096730155,
            "f1_improvement": 0.014899943006348781,
            "average_layers_altered": 3,
            "time to complete": 996.3018849,
            "eval_config": {
                "dataset_path": "FinanceMTEB/financial_phrasebank",
                "config_name": "default",
                "split": "train",
                "task_label": "Analyze the sentiment of this text:",
                "baseline_prompt": "The event occurred on a Tuesday afternoon."
            }
        },
        "tweet_emotion end stats": {
            "base_cluster_score": -0.030603613704442978,
            "steered_cluster_score": -0.03062264621257782,
            "cluster_improvement": -1.903250813484192e-05,
            "base_ari": -0.00041116901104019753,
            "steered_ari": -0.0059122820940004685,
            "ari_improvement": -0.005501113082960271,
            "base_accuracy": 0.5333333333333333,
            "steered_accuracy": 0.5333333333333333,
            "accuracy_improvement": 0.0,
            "base_f1": 0.37140088593576964,
            "steered_f1": 0.37140088593576964,
            "f1_improvement": 0.0,
            "average_layers_altered": 3,
            "time to complete": 374.42722550000144,
            "eval_config": {
                "dataset_path": "tweet_eval",
                "config_name": "emotion",
                "split": "validation",
                "task_label": "Determine the emotion of this text:",
                "baseline_prompt": "The event occurred on a Tuesday afternoon."
            }
        },
        "movie_sentiment end stats": {
            "base_cluster_score": 0.011773550882935524,
            "steered_cluster_score": 0.01176990382373333,
            "cluster_improvement": -3.647059202194214e-06,
            "base_ari": 0.0051648744496359715,
            "steered_ari": 0.0051648744496359715,
            "ari_improvement": 0.0,
            "base_accuracy": 0.84,
            "steered_accuracy": 0.84,
            "accuracy_improvement": 0.0,
            "base_f1": 0.8392121394834691,
            "steered_f1": 0.8392121394834691,
            "f1_improvement": 0.0,
            "average_layers_altered": 3,
            "time to complete": 919.421046899999,
            "eval_config": {
                "dataset_path": "rotten_tomatoes",
                "config_name": "default",
                "split": "validation",
                "task_label": "Analyze the sentiment of this text:",
                "baseline_prompt": "The window was left slightly open."
            }
        },
        "subjectivity end stats": {
            "base_cluster_score": 0.022793956100940704,
            "steered_cluster_score": 0.022801754996180534,
            "cluster_improvement": 7.798895239830017e-06,
            "base_ari": 0.02438465491320959,
            "steered_ari": 0.025098705773753092,
            "ari_improvement": 0.0007140508605435018,
            "base_accuracy": 0.955,
            "steered_accuracy": 0.955,
            "accuracy_improvement": 0.0,
            "base_f1": 0.9549086900974473,
            "steered_f1": 0.9549086900974473,
            "f1_improvement": 0.0,
            "average_layers_altered": 3,
            "time to complete": 1004.9353300000002,
            "eval_config": {
                "dataset_path": "SetFit/subj",
                "config_name": "default",
                "split": "test",
                "task_label": "Determine if this text is objective or subjective:",
                "baseline_prompt": "The receipt was printed on thermal paper."
            }
        },
        "spam_detection end stats": {
            "base_cluster_score": 0.04248277097940445,
            "steered_cluster_score": 0.04245387390255928,
            "cluster_improvement": -2.8897076845169067e-05,
            "base_ari": 0.03067769931451229,
            "steered_ari": 0.03067769931451229,
            "ari_improvement": 0.0,
            "base_accuracy": 0.9324324324324325,
            "steered_accuracy": 0.9324324324324325,
            "accuracy_improvement": 0.0,
            "base_f1": 0.9319852941176471,
            "steered_f1": 0.9319852941176471,
            "f1_improvement": 0.0,
            "average_layers_altered": 3,
            "time to complete": 781.0656301999989,
            "eval_config": {
                "dataset_path": "SetFit/enron_spam",
                "config_name": "default",
                "split": "test",
                "task_label": "Categorize this text as legitimate or spam:",
                "baseline_prompt": "A stack of magazines sat on the coffee table."
            }
        },
        "banking_intent end stats": {
            "base_cluster_score": -0.1263650357723236,
            "steered_cluster_score": -0.1263691782951355,
            "cluster_improvement": -4.1425228118896484e-06,
            "base_ari": 0.0185702542135162,
            "steered_ari": 0.019027265144121994,
            "ari_improvement": 0.00045701093060579456,
            "base_accuracy": 0.585,
            "steered_accuracy": 0.58,
            "accuracy_improvement": -0.0050000000000000044,
            "base_f1": 0.5888828368054374,
            "steered_f1": 0.5845144157528059,
            "f1_improvement": -0.004368421052631466,
            "average_layers_altered": 3,
            "time to complete": 944.8794925000002,
            "eval_config": {
                "dataset_path": "banking77",
                "config_name": "default",
                "split": "test",
                "task_label": "Identify the customer intent in this banking query:",
                "baseline_prompt": "The clock on the wall shows the correct time."
            }
        },
        "sst2_sentiment end stats": {
            "base_cluster_score": 0.01836731657385826,
            "steered_cluster_score": 0.0183649230748415,
            "cluster_improvement": -2.3934990167617798e-06,
            "base_ari": 0.015425403361192164,
            "steered_ari": 0.015425403361192164,
            "ari_improvement": 0.0,
            "base_accuracy": 0.8171428571428572,
            "steered_accuracy": 0.8171428571428572,
            "accuracy_improvement": 0.0,
            "base_f1": 0.8171368861024033,
            "steered_f1": 0.8171368861024033,
            "f1_improvement": 0.0,
            "average_layers_altered": 3,
            "time to complete": 848.3760966999998,
            "eval_config": {
                "dataset_path": "glue",
                "config_name": "sst2",
                "split": "validation",
                "task_label": "Analyze the sentiment of this sentence:",
                "baseline_prompt": "A small bird flew across the yard."
            }
        },
        "tweet_irony end stats": {
            "base_cluster_score": 0.00617240509018302,
            "steered_cluster_score": 0.006161162629723549,
            "cluster_improvement": -1.1242460459470749e-05,
            "base_ari": 0.004474039188085219,