{
    "timestamp": "20260430_083706",
    "loop_iteration": 4,
    "metrics": {
        "iteration": 4,
        "eval_samples": 500,
        "dataset build time": 6.00004568696022e-07,
        "avg_w": 0.000296521078277518,
        "avg_r": 0.16896958728419972,
        "Screwdriver training time": 2429.9839114999922,
        "internal_params": {
            "beta": 1.9475891590118408,
            "restore_mag": -0.09183338284492493
        },
        "finance_sentiment end stats": {
            "base_cluster_score": -0.047075171023607254,
            "steered_cluster_score": -0.04738178104162216,
            "cluster_improvement": -0.00030661001801490784,
            "base_ari": 0.05661388827149712,
            "steered_ari": 0.05661388827149712,
            "ari_improvement": 0.0,
            "base_accuracy": 0.78,
            "steered_accuracy": 0.78,
            "accuracy_improvement": 0.0,
            "base_f1": 0.7163816465750864,
            "steered_f1": 0.7163816465750864,
            "f1_improvement": 0.0,
            "average_layers_altered": 3,
            "time to complete": 498.8743299000198,
            "eval_config": {
                "dataset_path": "FinanceMTEB/financial_phrasebank",
                "config_name": "default",
                "split": "train",
                "task_label": "Analyze the sentiment of this text:",
                "baseline_prompt": "The event occurred on a Tuesday afternoon."
            }
        },
        "tweet_emotion end stats": {
            "base_cluster_score": -0.030635053291916847,
            "steered_cluster_score": -0.030618688091635704,
            "cluster_improvement": 1.636520028114319e-05,
            "base_ari": 0.0011675701111424765,
            "steered_ari": 0.0011675701111424765,
            "ari_improvement": 0.0,
            "base_accuracy": 0.56,
            "steered_accuracy": 0.56,
            "accuracy_improvement": 0.0,
            "base_f1": 0.4623664045170397,
            "steered_f1": 0.4623664045170397,
            "f1_improvement": 0.0,
            "average_layers_altered": 3,
            "time to complete": 374.5697272999969,
            "eval_config": {
                "dataset_path": "tweet_eval",
                "config_name": "emotion",
                "split": "validation",
                "task_label": "Determine the emotion of this text:",
                "baseline_prompt": "The event occurred on a Tuesday afternoon."
            }
        },
        "movie_sentiment end stats": {
            "base_cluster_score": 0.0,
            "steered_cluster_score": 0.0,
            "cluster_improvement": 0.0,
            "base_ari": 0.0,
            "steered_ari": 0.0,
            "ari_improvement": 0.0,
            "base_accuracy": 0.0,
            "steered_accuracy": 0.0,
            "accuracy_improvement": 0.0,
            "base_f1": 0.0,
            "steered_f1": 0.0,
            "f1_improvement": 0.0,
            "average_layers_altered": 3,
            "time to complete": 460.9111322000099,
            "eval_config": {
                "dataset_path": "rotten_tomatoes",
                "config_name": "default",
                "split": "validation",
                "task_label": "Analyze the sentiment of this text:",
                "baseline_prompt": "The window was left slightly open."
            }
        },
        "subjectivity end stats": {
            "base_cluster_score": 0.022560343146324158,
            "steered_cluster_score": 0.02255173958837986,
            "cluster_improvement": -8.60355794429779e-06,
            "base_ari": -0.0029088476763733584,
            "steered_ari": -0.0029088476763733584,
            "ari_improvement": 0.0,
            "base_accuracy": 0.91,
            "steered_accuracy": 0.91,
            "accuracy_improvement": 0.0,
            "base_f1": 0.9095568284594513,
            "steered_f1": 0.9095568284594513,
            "f1_improvement": 0.0,
            "average_layers_altered": 3,
            "time to complete": 503.83576119999634,
            "eval_config": {
                "dataset_path": "SetFit/subj",
                "config_name": "default",
                "split": "test",
                "task_label": "Determine if this text is objective or subjective:",
                "baseline_prompt": "The receipt was printed on thermal paper."
            }
        },
        "spam_detection end stats": {
            "base_cluster_score": 0.04843299835920334,
            "steered_cluster_score": 0.04842330142855644,
            "cluster_improvement": -9.696930646896362e-06,
            "base_ari": 0.031921730729074074,
            "steered_ari": 0.033411442741873174,
            "ari_improvement": 0.0014897120127990993,
            "base_accuracy": 0.9,
            "steered_accuracy": 0.9,
            "accuracy_improvement": 0.0,
            "base_f1": 0.898989898989899,
            "steered_f1": 0.898989898989899,
            "f1_improvement": 0.0,
            "average_layers_altered": 3,
            "time to complete": 535.6236404000083,
            "eval_config": {
                "dataset_path": "SetFit/enron_spam",
                "config_name": "default",
                "split": "test",
                "task_label": "Categorize this text as legitimate or spam:",
                "baseline_prompt": "A stack of magazines sat on the coffee table."
            }
        },
        "banking_intent end stats": {
            "base_cluster_score": -0.08563156425952911,
            "steered_cluster_score": -0.08556289225816727,
            "cluster_improvement": 6.867200136184692e-05,
            "base_ari": 0.030842006709086347,
            "steered_ari": 0.033023717455151445,
            "ari_improvement": 0.0021817107460650985,
            "base_accuracy": 0.74,
            "steered_accuracy": 0.74,
            "accuracy_improvement": 0.0,
            "base_f1": 0.6995441091416322,
            "steered_f1": 0.6995441091416322,
            "f1_improvement": 0.0,
            "average_layers_altered": 3,
            "time to complete": 476.3715558999975,
            "eval_config": {
                "dataset_path": "banking77",
                "config_name": "default",
                "split": "test",
                "task_label": "Identify the customer intent in this banking query:",
                "baseline_prompt": "The clock on the wall shows the correct time."
            }
        },
        "sst2_sentiment end stats": {
            "base_cluster_score": 0.02264437824487686,
            "steered_cluster_score": 0.02264510840177536,
            "cluster_improvement": 7.301568984985352e-07,
            "base_ari": 0.004905638975189833,
            "steered_ari": 0.004905638975189833,
            "ari_improvement": 0.0,
            "base_accuracy": 0.85,
            "steered_accuracy": 0.85,
            "accuracy_improvement": 0.0,
            "base_f1": 0.8492613807657522,
            "steered_f1": 0.8492613807657522,
            "f1_improvement": 0.0,
            "average_layers_altered": 3,
            "time to complete": 489.0498734000139,
            "eval_config": {
                "dataset_path": "glue",
                "config_name": "sst2",
                "split": "validation",
                "task_label": "Analyze the sentiment of this sentence:",
                "baseline_prompt": "A small bird flew across the yard."
            }
        },
        "tweet_irony end stats": {
            "base_cluster_score": 0.0024982509203255177,
            "steered_cluster_score": 0.002497032517567277,
            "cluster_improvement": -1.2184027582406998e-06,
            "base_ari": 0.001858472111413593,
            "steered_ari": 0.001858472111413593,
            "ari_improvement": 0.0,
            "base_accuracy": 0.58,
            "steered_accuracy": 0.59,
            "accuracy_improvement": 0.010000000000000009,
            "base_f1": 0.5784825371336813,
            "steered_f1": 0.5879811074263892,