{
    "timestamp": "20260430_043603",
    "loop_iteration": 2,
    "metrics": {
        "iteration": 2,
        "eval_samples": 500,
        "dataset build time": 6.00004568696022e-07,
        "avg_w": 0.000297139187441257,
        "avg_r": 0.07653827842404233,
        "Screwdriver training time": 2345.7907806999865,
        "internal_params": {
            "beta": 1.8958410024642944,
            "restore_mag": -0.10175646841526031
        },
        "finance_sentiment end stats": {
            "base_cluster_score": -0.047244466841220856,
            "steered_cluster_score": -0.047159262001514435,
            "cluster_improvement": 8.52048397064209e-05,
            "base_ari": 0.05612957998460845,
            "steered_ari": 0.05612957998460845,
            "ari_improvement": 0.0,
            "base_accuracy": 0.8,
            "steered_accuracy": 0.8,
            "accuracy_improvement": 0.0,
            "base_f1": 0.7232819264069263,
            "steered_f1": 0.7232819264069263,
            "f1_improvement": 0.0,
            "average_layers_altered": 3,
            "time to complete": 503.43077919998905,
            "eval_config": {
                "dataset_path": "FinanceMTEB/financial_phrasebank",
                "config_name": "default",
                "split": "train",
                "task_label": "Analyze the sentiment of this text:",
                "baseline_prompt": "The event occurred on a Tuesday afternoon."
            }
        },
        "tweet_emotion end stats": {
            "base_cluster_score": -0.03064659982919693,
            "steered_cluster_score": -0.030640292912721634,
            "cluster_improvement": 6.3069164752960205e-06,
            "base_ari": -0.0059122820940004685,
            "steered_ari": -0.0059122820940004685,
            "ari_improvement": 0.0,
            "base_accuracy": 0.6,
            "steered_accuracy": 0.6,
            "accuracy_improvement": 0.0,
            "base_f1": 0.4531160316128747,
            "steered_f1": 0.4531160316128747,
            "f1_improvement": 0.0,
            "average_layers_altered": 3,
            "time to complete": 375.8106287000119,
            "eval_config": {
                "dataset_path": "tweet_eval",
                "config_name": "emotion",
                "split": "validation",
                "task_label": "Determine the emotion of this text:",
                "baseline_prompt": "The event occurred on a Tuesday afternoon."
            }
        },
        "movie_sentiment end stats": {
            "base_cluster_score": 0.0,
            "steered_cluster_score": 0.0,
            "cluster_improvement": 0.0,
            "base_ari": 0.0,
            "steered_ari": 0.0,
            "ari_improvement": 0.0,
            "base_accuracy": 0.0,
            "steered_accuracy": 0.0,
            "accuracy_improvement": 0.0,
            "base_f1": 0.0,
            "steered_f1": 0.0,
            "f1_improvement": 0.0,
            "average_layers_altered": 3,
            "time to complete": 465.89809889998287,
            "eval_config": {
                "dataset_path": "rotten_tomatoes",
                "config_name": "default",
                "split": "validation",
                "task_label": "Analyze the sentiment of this text:",
                "baseline_prompt": "The window was left slightly open."
            }
        },
        "subjectivity end stats": {
            "base_cluster_score": 0.02254008874297142,
            "steered_cluster_score": 0.022561965510249138,
            "cluster_improvement": 2.187676727771759e-05,
            "base_ari": 0.018670924541390303,
            "steered_ari": 0.016415699098262425,
            "ari_improvement": -0.0022552254431278777,
            "base_accuracy": 0.92,
            "steered_accuracy": 0.92,
            "accuracy_improvement": 0.0,
            "base_f1": 0.9197109594540345,
            "steered_f1": 0.9197109594540345,
            "f1_improvement": 0.0,
            "average_layers_altered": 3,
            "time to complete": 509.2803426000173,
            "eval_config": {
                "dataset_path": "SetFit/subj",
                "config_name": "default",
                "split": "test",
                "task_label": "Determine if this text is objective or subjective:",
                "baseline_prompt": "The receipt was printed on thermal paper."
            }
        },
        "spam_detection end stats": {
            "base_cluster_score": 0.048423219472169876,
            "steered_cluster_score": 0.04841014742851257,
            "cluster_improvement": -1.3072043657302856e-05,
            "base_ari": 0.03192093449851545,
            "steered_ari": 0.03192093449851545,
            "ari_improvement": 0.0,
            "base_accuracy": 0.92,
            "steered_accuracy": 0.92,
            "accuracy_improvement": 0.0,
            "base_f1": 0.9191919191919191,
            "steered_f1": 0.9191919191919191,
            "f1_improvement": 0.0,
            "average_layers_altered": 3,
            "time to complete": 529.9407649000059,
            "eval_config": {
                "dataset_path": "SetFit/enron_spam",
                "config_name": "default",
                "split": "test",
                "task_label": "Categorize this text as legitimate or spam:",
                "baseline_prompt": "A stack of magazines sat on the coffee table."
            }
        },
        "banking_intent end stats": {
            "base_cluster_score": -0.08557786792516708,
            "steered_cluster_score": -0.08560366928577423,
            "cluster_improvement": -2.5801360607147217e-05,
            "base_ari": 0.03809170443493434,
            "steered_ari": 0.04049473064462335,
            "ari_improvement": 0.002403026209689005,
            "base_accuracy": 0.65,
            "steered_accuracy": 0.65,
            "accuracy_improvement": 0.0,
            "base_f1": 0.6556957497002747,
            "steered_f1": 0.6556957497002747,
            "f1_improvement": 0.0,
            "average_layers_altered": 3,
            "time to complete": 479.7050564000092,
            "eval_config": {
                "dataset_path": "banking77",
                "config_name": "default",
                "split": "test",
                "task_label": "Identify the customer intent in this banking query:",
                "baseline_prompt": "The clock on the wall shows the correct time."
            }
        },
        "sst2_sentiment end stats": {
            "base_cluster_score": 0.022626997902989388,
            "steered_cluster_score": 0.022649450227618217,
            "cluster_improvement": 2.2452324628829956e-05,
            "base_ari": 0.004913722425132271,
            "steered_ari": 0.004905638975189833,
            "ari_improvement": -8.083449942438217e-06,
            "base_accuracy": 0.84,
            "steered_accuracy": 0.84,
            "accuracy_improvement": 0.0,
            "base_f1": 0.839421918908069,
            "steered_f1": 0.839421918908069,
            "f1_improvement": 0.0,
            "average_layers_altered": 3,
            "time to complete": 494.12032570000156,
            "eval_config": {
                "dataset_path": "glue",
                "config_name": "sst2",
                "split": "validation",
                "task_label": "Analyze the sentiment of this sentence:",
                "baseline_prompt": "A small bird flew across the yard."
            }
        },
        "tweet_irony end stats": {
            "base_cluster_score": 0.002487882738932967,
            "steered_cluster_score": 0.0024990804959088564,
            "cluster_improvement": 1.1197756975889206e-05,
            "base_ari": 0.0007044050125935312,
            "steered_ari": 0.0007044050125935312,
            "ari_improvement": 0.0,
            "base_accuracy": 0.54,
            "steered_accuracy": 0.54,
            "accuracy_improvement": 0.0,
            "base_f1": 0.5383380168606985,
            "steered_f1": 0.5383380168606985,