{
    "timestamp": "20260430_103908",
    "loop_iteration": 5,
    "metrics": {
        "iteration": 5,
        "eval_samples": 500,
        "dataset build time": 6.00004568696022e-07,
        "avg_w": 0.00029670847381683106,
        "avg_r": 0.13657436777461082,
        "Screwdriver training time": 2493.3644286000053,
        "internal_params": {
            "beta": 1.9154713153839111,
            "restore_mag": -0.10265729576349258
        },
        "finance_sentiment end stats": {
            "base_cluster_score": -0.04697882756590843,
            "steered_cluster_score": -0.047441888600587845,
            "cluster_improvement": -0.00046306103467941284,
            "base_ari": 0.056546952585980845,
            "steered_ari": 0.05438260717156046,
            "ari_improvement": -0.002164345414420385,
            "base_accuracy": 0.78,
            "steered_accuracy": 0.78,
            "accuracy_improvement": 0.0,
            "base_f1": 0.6595301855766972,
            "steered_f1": 0.6595301855766972,
            "f1_improvement": 0.0,
            "average_layers_altered": 3,
            "time to complete": 501.5588938999863,
            "eval_config": {
                "dataset_path": "FinanceMTEB/financial_phrasebank",
                "config_name": "default",
                "split": "train",
                "task_label": "Analyze the sentiment of this text:",
                "baseline_prompt": "The event occurred on a Tuesday afternoon."
            }
        },
        "tweet_emotion end stats": {
            "base_cluster_score": -0.030630437657237053,
            "steered_cluster_score": -0.03059237264096737,
            "cluster_improvement": 3.806501626968384e-05,
            "base_ari": 0.00017287702835764427,
            "steered_ari": 0.00017287702835764427,
            "ari_improvement": 0.0,
            "base_accuracy": 0.48,
            "steered_accuracy": 0.48,
            "accuracy_improvement": 0.0,
            "base_f1": 0.35697586726998487,
            "steered_f1": 0.35735294117647054,
            "f1_improvement": 0.00037707390648566985,
            "average_layers_altered": 3,
            "time to complete": 378.1503554999945,
            "eval_config": {
                "dataset_path": "tweet_eval",
                "config_name": "emotion",
                "split": "validation",
                "task_label": "Determine the emotion of this text:",
                "baseline_prompt": "The event occurred on a Tuesday afternoon."
            }
        },
        "movie_sentiment end stats": {
            "base_cluster_score": 0.0,
            "steered_cluster_score": 0.0,
            "cluster_improvement": 0.0,
            "base_ari": 0.0,
            "steered_ari": 0.0,
            "ari_improvement": 0.0,
            "base_accuracy": 0.0,
            "steered_accuracy": 0.0,
            "accuracy_improvement": 0.0,
            "base_f1": 0.0,
            "steered_f1": 0.0,
            "f1_improvement": 0.0,
            "average_layers_altered": 3,
            "time to complete": 462.9385794000118,
            "eval_config": {
                "dataset_path": "rotten_tomatoes",
                "config_name": "default",
                "split": "validation",
                "task_label": "Analyze the sentiment of this text:",
                "baseline_prompt": "The window was left slightly open."
            }
        },
        "subjectivity end stats": {
            "base_cluster_score": 0.022528911009430885,
            "steered_cluster_score": 0.022544097155332565,
            "cluster_improvement": 1.5186145901679993e-05,
            "base_ari": 0.016415699098262425,
            "steered_ari": 0.016415699098262425,
            "ari_improvement": 0.0,
            "base_accuracy": 0.94,
            "steered_accuracy": 0.94,
            "accuracy_improvement": 0.0,
            "base_f1": 0.9393939393939394,
            "steered_f1": 0.9393939393939394,
            "f1_improvement": 0.0,
            "average_layers_altered": 3,
            "time to complete": 507.6033176999772,
            "eval_config": {
                "dataset_path": "SetFit/subj",
                "config_name": "default",
                "split": "test",
                "task_label": "Determine if this text is objective or subjective:",
                "baseline_prompt": "The receipt was printed on thermal paper."
            }
        },
        "spam_detection end stats": {
            "base_cluster_score": 0.04842498153448105,
            "steered_cluster_score": 0.04844992980360985,
            "cluster_improvement": 2.494826912879944e-05,
            "base_ari": 0.03192093449851545,
            "steered_ari": 0.033411442741873174,
            "ari_improvement": 0.0014905082433577244,
            "base_accuracy": 0.96,
            "steered_accuracy": 0.96,
            "accuracy_improvement": 0.0,
            "base_f1": 0.9598554797270173,
            "steered_f1": 0.9598554797270173,
            "f1_improvement": 0.0,
            "average_layers_altered": 3,
            "time to complete": 533.3366184000042,
            "eval_config": {
                "dataset_path": "SetFit/enron_spam",
                "config_name": "default",
                "split": "test",
                "task_label": "Categorize this text as legitimate or spam:",
                "baseline_prompt": "A stack of magazines sat on the coffee table."
            }
        },
        "banking_intent end stats": {
            "base_cluster_score": -0.08558989316225052,
            "steered_cluster_score": -0.08565864711999893,
            "cluster_improvement": -6.875395774841309e-05,
            "base_ari": 0.040281764410290195,
            "steered_ari": 0.03544966179605542,
            "ari_improvement": -0.004832102614234772,
            "base_accuracy": 0.59,
            "steered_accuracy": 0.6,
            "accuracy_improvement": 0.010000000000000009,
            "base_f1": 0.5717431334244861,
            "steered_f1": 0.5807174923988451,
            "f1_improvement": 0.008974358974358942,
            "average_layers_altered": 3,
            "time to complete": 479.15583929998684,
            "eval_config": {
                "dataset_path": "banking77",
                "config_name": "default",
                "split": "test",
                "task_label": "Identify the customer intent in this banking query:",
                "baseline_prompt": "The clock on the wall shows the correct time."
            }
        },
        "sst2_sentiment end stats": {
            "base_cluster_score": 0.022642165422439575,
            "steered_cluster_score": 0.022618141025304794,
            "cluster_improvement": -2.4024397134780884e-05,
            "base_ari": 0.004905638975189833,
            "steered_ari": 0.004913722425132271,
            "ari_improvement": 8.083449942438217e-06,
            "base_accuracy": 0.87,
            "steered_accuracy": 0.87,
            "accuracy_improvement": 0.0,
            "base_f1": 0.8684077335762729,
            "steered_f1": 0.8684077335762729,
            "f1_improvement": 0.0,
            "average_layers_altered": 3,
            "time to complete": 493.6044097999984,
            "eval_config": {
                "dataset_path": "glue",
                "config_name": "sst2",
                "split": "validation",
                "task_label": "Analyze the sentiment of this sentence:",
                "baseline_prompt": "A small bird flew across the yard."
            }
        },
        "tweet_irony end stats": {
            "base_cluster_score": 0.002499762224033475,
            "steered_cluster_score": 0.0024914133828133345,
            "cluster_improvement": -8.348841220140457e-06,
            "base_ari": 0.003787304493203768,
            "steered_ari": 0.003787304493203768,
            "ari_improvement": 0.0,
            "base_accuracy": 0.52,
            "steered_accuracy": 0.52,
            "accuracy_improvement": 0.0,