{
    "timestamp": "20260430_023625",
    "loop_iteration": 1,
    "metrics": {
        "iteration": 1,
        "eval_samples": 500,
        "dataset build time": 6.00004568696022e-07,
        "avg_w": 0.0002947460259050824,
        "avg_r": 0.10063644993971003,
        "Screwdriver training time": 2351.5852375999966,
        "internal_params": {
            "beta": 1.8911752700805664,
            "restore_mag": -0.16119547188282013
        },
        "finance_sentiment end stats": {
            "base_cluster_score": -0.047365132719278336,
            "steered_cluster_score": -0.04711117222905159,
            "cluster_improvement": 0.0002539604902267456,
            "base_ari": 0.0495926381814397,
            "steered_ari": 0.0495926381814397,
            "ari_improvement": 0.0,
            "base_accuracy": 0.83,
            "steered_accuracy": 0.83,
            "accuracy_improvement": 0.0,
            "base_f1": 0.7606060606060606,
            "steered_f1": 0.7606060606060606,
            "f1_improvement": 0.0,
            "average_layers_altered": 3,
            "time to complete": 508.447800599999,
            "eval_config": {
                "dataset_path": "FinanceMTEB/financial_phrasebank",
                "config_name": "default",
                "split": "train",
                "task_label": "Analyze the sentiment of this text:",
                "baseline_prompt": "The event occurred on a Tuesday afternoon."
            }
        },
        "tweet_emotion end stats": {
            "base_cluster_score": -0.030601363629102707,
            "steered_cluster_score": -0.030587542802095413,
            "cluster_improvement": 1.3820827007293701e-05,
            "base_ari": 0.0004998751794097257,
            "steered_ari": 0.0004998751794097257,
            "ari_improvement": 0.0,
            "base_accuracy": 0.5333333333333333,
            "steered_accuracy": 0.5333333333333333,
            "accuracy_improvement": 0.0,
            "base_f1": 0.46741901888960713,
            "steered_f1": 0.46741901888960713,
            "f1_improvement": 0.0,
            "average_layers_altered": 3,
            "time to complete": 386.5519264000177,
            "eval_config": {
                "dataset_path": "tweet_eval",
                "config_name": "emotion",
                "split": "validation",
                "task_label": "Determine the emotion of this text:",
                "baseline_prompt": "The event occurred on a Tuesday afternoon."
            }
        },
        "movie_sentiment end stats": {
            "base_cluster_score": 0.0,
            "steered_cluster_score": 0.0,
            "cluster_improvement": 0.0,
            "base_ari": 0.0,
            "steered_ari": 0.0,
            "ari_improvement": 0.0,
            "base_accuracy": 0.0,
            "steered_accuracy": 0.0,
            "accuracy_improvement": 0.0,
            "base_f1": 0.0,
            "steered_f1": 0.0,
            "f1_improvement": 0.0,
            "average_layers_altered": 3,
            "time to complete": 470.61762589999125,
            "eval_config": {
                "dataset_path": "rotten_tomatoes",
                "config_name": "default",
                "split": "validation",
                "task_label": "Analyze the sentiment of this text:",
                "baseline_prompt": "The window was left slightly open."
            }
        },
        "subjectivity end stats": {
            "base_cluster_score": 0.022548990324139595,
            "steered_cluster_score": 0.022449446842074394,
            "cluster_improvement": -9.95434820652008e-05,
            "base_ari": 0.016415699098262425,
            "steered_ari": 0.018670924541390303,
            "ari_improvement": 0.0022552254431278777,
            "base_accuracy": 0.9,
            "steered_accuracy": 0.9,
            "accuracy_improvement": 0.0,
            "base_f1": 0.8996386993175431,
            "steered_f1": 0.8996386993175431,
            "f1_improvement": 0.0,
            "average_layers_altered": 3,
            "time to complete": 510.5257502000022,
            "eval_config": {
                "dataset_path": "SetFit/subj",
                "config_name": "default",
                "split": "test",
                "task_label": "Determine if this text is objective or subjective:",
                "baseline_prompt": "The receipt was printed on thermal paper."
            }
        },
        "spam_detection end stats": {
            "base_cluster_score": 0.04843835532665253,
            "steered_cluster_score": 0.04849250614643097,
            "cluster_improvement": 5.415081977844238e-05,
            "base_ari": 0.03192093449851545,
            "steered_ari": 0.03192093449851545,
            "ari_improvement": 0.0,
            "base_accuracy": 0.92,
            "steered_accuracy": 0.92,
            "accuracy_improvement": 0.0,
            "base_f1": 0.9197109594540345,
            "steered_f1": 0.9197109594540345,
            "f1_improvement": 0.0,
            "average_layers_altered": 3,
            "time to complete": 536.7968575000123,
            "eval_config": {
                "dataset_path": "SetFit/enron_spam",
                "config_name": "default",
                "split": "test",
                "task_label": "Categorize this text as legitimate or spam:",
                "baseline_prompt": "A stack of magazines sat on the coffee table."
            }
        },
        "banking_intent end stats": {
            "base_cluster_score": -0.08565451204776764,
            "steered_cluster_score": -0.08549991250038147,
            "cluster_improvement": 0.00015459954738616943,
            "base_ari": 0.03730187749327921,
            "steered_ari": 0.033327650772445525,
            "ari_improvement": -0.003974226720833689,
            "base_accuracy": 0.68,
            "steered_accuracy": 0.68,
            "accuracy_improvement": 0.0,
            "base_f1": 0.6572438998909587,
            "steered_f1": 0.6572438998909587,
            "f1_improvement": 0.0,
            "average_layers_altered": 3,
            "time to complete": 477.1795454999956,
            "eval_config": {
                "dataset_path": "banking77",
                "config_name": "default",
                "split": "test",
                "task_label": "Identify the customer intent in this banking query:",
                "baseline_prompt": "The clock on the wall shows the correct time."
            }
        },
        "sst2_sentiment end stats": {
            "base_cluster_score": 0.022649798542261124,
            "steered_cluster_score": 0.02265271544456482,
            "cluster_improvement": 2.9169023036956787e-06,
            "base_ari": 0.004913722425132271,
            "steered_ari": 0.004913722425132271,
            "ari_improvement": 0.0,
            "base_accuracy": 0.78,
            "steered_accuracy": 0.78,
            "accuracy_improvement": 0.0,
            "base_f1": 0.7799119647859143,
            "steered_f1": 0.7799119647859143,
            "f1_improvement": 0.0,
            "average_layers_altered": 3,
            "time to complete": 494.56092629997875,
            "eval_config": {
                "dataset_path": "glue",
                "config_name": "sst2",
                "split": "validation",
                "task_label": "Analyze the sentiment of this sentence:",
                "baseline_prompt": "A small bird flew across the yard."
            }
        },
        "tweet_irony end stats": {
            "base_cluster_score": 0.0025017729494720697,
            "steered_cluster_score": 0.0024874620139598846,
            "cluster_improvement": -1.4310935512185097e-05,
            "base_ari": 0.002240113197206702,
            "steered_ari": 0.002240113197206702,
            "ari_improvement": 0.0,
            "base_accuracy": 0.49,
            "steered_accuracy": 0.49,
            "accuracy_improvement": 0.0,
            "base_f1": 0.48748869460355737,
            "steered_f1": 0.48748869460355737,