{
    "timestamp": "20260430_063618",
    "loop_iteration": 3,
    "metrics": {
        "iteration": 3,
        "eval_samples": 500,
        "dataset build time": 6.00004568696022e-07,
        "avg_w": 0.000296359809308729,
        "avg_r": 0.07381046444494674,
        "Screwdriver training time": 2400.298444199987,
        "internal_params": {
            "beta": 1.9018679857254028,
            "restore_mag": -0.09846095740795135
        },
        "finance_sentiment end stats": {
            "base_cluster_score": -0.0473022498190403,
            "steered_cluster_score": -0.046997155994176865,
            "cluster_improvement": 0.00030509382486343384,
            "base_ari": 0.05612957998460845,
            "steered_ari": 0.05612957998460845,
            "ari_improvement": 0.0,
            "base_accuracy": 0.8,
            "steered_accuracy": 0.8,
            "accuracy_improvement": 0.0,
            "base_f1": 0.7095485157378584,
            "steered_f1": 0.7095485157378584,
            "f1_improvement": 0.0,
            "average_layers_altered": 3,
            "time to complete": 499.0049049000081,
            "eval_config": {
                "dataset_path": "FinanceMTEB/financial_phrasebank",
                "config_name": "default",
                "split": "train",
                "task_label": "Analyze the sentiment of this text:",
                "baseline_prompt": "The event occurred on a Tuesday afternoon."
            }
        },
        "tweet_emotion end stats": {
            "base_cluster_score": -0.030616750940680504,
            "steered_cluster_score": -0.03061722405254841,
            "cluster_improvement": -4.731118679046631e-07,
            "base_ari": 0.0004107700026954616,
            "steered_ari": 0.0004107700026954616,
            "ari_improvement": 0.0,
            "base_accuracy": 0.56,
            "steered_accuracy": 0.56,
            "accuracy_improvement": 0.0,
            "base_f1": 0.41969086021505375,
            "steered_f1": 0.41969086021505375,
            "f1_improvement": 0.0,
            "average_layers_altered": 3,
            "time to complete": 375.07254439999815,
            "eval_config": {
                "dataset_path": "tweet_eval",
                "config_name": "emotion",
                "split": "validation",
                "task_label": "Determine the emotion of this text:",
                "baseline_prompt": "The event occurred on a Tuesday afternoon."
            }
        },
        "movie_sentiment end stats": {
            "base_cluster_score": 0.0,
            "steered_cluster_score": 0.0,
            "cluster_improvement": 0.0,
            "base_ari": 0.0,
            "steered_ari": 0.0,
            "ari_improvement": 0.0,
            "base_accuracy": 0.0,
            "steered_accuracy": 0.0,
            "accuracy_improvement": 0.0,
            "base_f1": 0.0,
            "steered_f1": 0.0,
            "f1_improvement": 0.0,
            "average_layers_altered": 3,
            "time to complete": 461.2610768000013,
            "eval_config": {
                "dataset_path": "rotten_tomatoes",
                "config_name": "default",
                "split": "validation",
                "task_label": "Analyze the sentiment of this text:",
                "baseline_prompt": "The window was left slightly open."
            }
        },
        "subjectivity end stats": {
            "base_cluster_score": 0.022566620260477066,
            "steered_cluster_score": 0.022558990865945816,
            "cluster_improvement": -7.62939453125e-06,
            "base_ari": -0.004450628655861836,
            "steered_ari": -0.004450628655861836,
            "ari_improvement": 0.0,
            "base_accuracy": 0.89,
            "steered_accuracy": 0.89,
            "accuracy_improvement": 0.0,
            "base_f1": 0.8899889988998899,
            "steered_f1": 0.8899889988998899,
            "f1_improvement": 0.0,
            "average_layers_altered": 3,
            "time to complete": 507.0706965000136,
            "eval_config": {
                "dataset_path": "SetFit/subj",
                "config_name": "default",
                "split": "test",
                "task_label": "Determine if this text is objective or subjective:",
                "baseline_prompt": "The receipt was printed on thermal paper."
            }
        },
        "spam_detection end stats": {
            "base_cluster_score": 0.04842465743422508,
            "steered_cluster_score": 0.04843773692846298,
            "cluster_improvement": 1.307949423789978e-05,
            "base_ari": 0.03192093449851545,
            "steered_ari": 0.03192093449851545,
            "ari_improvement": 0.0,
            "base_accuracy": 0.93,
            "steered_accuracy": 0.93,
            "accuracy_improvement": 0.0,
            "base_f1": 0.9299929992999301,
            "steered_f1": 0.9299929992999301,
            "f1_improvement": 0.0,
            "average_layers_altered": 3,
            "time to complete": 530.0849705,
            "eval_config": {
                "dataset_path": "SetFit/enron_spam",
                "config_name": "default",
                "split": "test",
                "task_label": "Categorize this text as legitimate or spam:",
                "baseline_prompt": "A stack of magazines sat on the coffee table."
            }
        },
        "banking_intent end stats": {
            "base_cluster_score": -0.08562646806240082,
            "steered_cluster_score": -0.08568183332681656,
            "cluster_improvement": -5.536526441574097e-05,
            "base_ari": 0.041735141063523926,
            "steered_ari": 0.03843845361671479,
            "ari_improvement": -0.003296687446809138,
            "base_accuracy": 0.65,
            "steered_accuracy": 0.65,
            "accuracy_improvement": 0.0,
            "base_f1": 0.6536577259368401,
            "steered_f1": 0.6536577259368401,
            "f1_improvement": 0.0,
            "average_layers_altered": 3,
            "time to complete": 477.45790510001825,
            "eval_config": {
                "dataset_path": "banking77",
                "config_name": "default",
                "split": "test",
                "task_label": "Identify the customer intent in this banking query:",
                "baseline_prompt": "The clock on the wall shows the correct time."
            }
        },
        "sst2_sentiment end stats": {
            "base_cluster_score": 0.022636456415057182,
            "steered_cluster_score": 0.02261980064213276,
            "cluster_improvement": -1.6655772924423218e-05,
            "base_ari": 0.004913722425132271,
            "steered_ari": 0.004913722425132271,
            "ari_improvement": 0.0,
            "base_accuracy": 0.86,
            "steered_accuracy": 0.86,
            "accuracy_improvement": 0.0,
            "base_f1": 0.859775641025641,
            "steered_f1": 0.859775641025641,
            "f1_improvement": 0.0,
            "average_layers_altered": 3,
            "time to complete": 490.9462150000036,
            "eval_config": {
                "dataset_path": "glue",
                "config_name": "sst2",
                "split": "validation",
                "task_label": "Analyze the sentiment of this sentence:",
                "baseline_prompt": "A small bird flew across the yard."
            }
        },
        "tweet_irony end stats": {
            "base_cluster_score": 0.002503866795450449,
            "steered_cluster_score": 0.002498022513464093,
            "cluster_improvement": -5.8442819863557816e-06,
            "base_ari": -5.4886083578068555e-05,
            "steered_ari": -5.4886083578068555e-05,
            "ari_improvement": 0.0,
            "base_accuracy": 0.48,
            "steered_accuracy": 0.48,
            "accuracy_improvement": 0.0,
            "base_f1": 0.47916666666666663,
            "steered_f1": 0.47916666666666663,
            "f1_improvement": 0.0,