{
    "timestamp": "20260430_144321",
    "loop_iteration": 7,
    "metrics": {
        "iteration": 7,
        "eval_samples": 500,
        "dataset build time": 6.00004568696022e-07,
        "avg_w": 0.0002907065520164596,
        "avg_r": 0.7968263350268627,
        "Screwdriver training time": 2575.4833658999996,
        "internal_params": {
            "beta": 1.956343650817871,
            "restore_mag": 0.011574439704418182
        },
        "finance_sentiment end stats": {
            "base_cluster_score": -0.0473373606801033,
            "steered_cluster_score": -0.04739828035235405,
            "cluster_improvement": -6.091967225074768e-05,
            "base_ari": 0.0495926381814397,
            "steered_ari": 0.05283161392824134,
            "ari_improvement": 0.0032389757468016395,
            "base_accuracy": 0.85,
            "steered_accuracy": 0.85,
            "accuracy_improvement": 0.0,
            "base_f1": 0.7977523340983342,
            "steered_f1": 0.7977523340983342,
            "f1_improvement": 0.0,
            "average_layers_altered": 3,
            "time to complete": 493.3108320000174,
            "eval_config": {
                "dataset_path": "FinanceMTEB/financial_phrasebank",
                "config_name": "default",
                "split": "train",
                "task_label": "Analyze the sentiment of this text:",
                "baseline_prompt": "The event occurred on a Tuesday afternoon."
            }
        },
        "tweet_emotion end stats": {
            "base_cluster_score": -0.030622798949480057,
            "steered_cluster_score": -0.030613593757152557,
            "cluster_improvement": 9.20519232749939e-06,
            "base_ari": -0.0037688793861774855,
            "steered_ari": -0.0017321400926829772,
            "ari_improvement": 0.0020367392934945083,
            "base_accuracy": 0.56,
            "steered_accuracy": 0.56,
            "accuracy_improvement": 0.0,
            "base_f1": 0.4685990338164251,
            "steered_f1": 0.4685990338164251,
            "f1_improvement": 0.0,
            "average_layers_altered": 3,
            "time to complete": 371.479359399993,
            "eval_config": {
                "dataset_path": "tweet_eval",
                "config_name": "emotion",
                "split": "validation",
                "task_label": "Determine the emotion of this text:",
                "baseline_prompt": "The event occurred on a Tuesday afternoon."
            }
        },
        "movie_sentiment end stats": {
            "base_cluster_score": 0.0,
            "steered_cluster_score": 0.0,
            "cluster_improvement": 0.0,
            "base_ari": 0.0,
            "steered_ari": 0.0,
            "ari_improvement": 0.0,
            "base_accuracy": 0.0,
            "steered_accuracy": 0.0,
            "accuracy_improvement": 0.0,
            "base_f1": 0.0,
            "steered_f1": 0.0,
            "f1_improvement": 0.0,
            "average_layers_altered": 3,
            "time to complete": 456.81990770000266,
            "eval_config": {
                "dataset_path": "rotten_tomatoes",
                "config_name": "default",
                "split": "validation",
                "task_label": "Analyze the sentiment of this text:",
                "baseline_prompt": "The window was left slightly open."
            }
        },
        "subjectivity end stats": {
            "base_cluster_score": 0.022554097697138786,
            "steered_cluster_score": 0.022547278553247452,
            "cluster_improvement": -6.819143891334534e-06,
            "base_ari": -0.0015988297514728507,
            "steered_ari": -0.0015988297514728507,
            "ari_improvement": 0.0,
            "base_accuracy": 0.9,
            "steered_accuracy": 0.9,
            "accuracy_improvement": 0.0,
            "base_f1": 0.8998397435897436,
            "steered_f1": 0.8998397435897436,
            "f1_improvement": 0.0,
            "average_layers_altered": 3,
            "time to complete": 496.5782186000142,
            "eval_config": {
                "dataset_path": "SetFit/subj",
                "config_name": "default",
                "split": "test",
                "task_label": "Determine if this text is objective or subjective:",
                "baseline_prompt": "The receipt was printed on thermal paper."
            }
        },
        "spam_detection end stats": {
            "base_cluster_score": 0.04843253269791603,
            "steered_cluster_score": 0.04842807725071907,
            "cluster_improvement": -4.455447196960449e-06,
            "base_ari": 0.031921730729074074,
            "steered_ari": 0.031921730729074074,
            "ari_improvement": 0.0,
            "base_accuracy": 0.86,
            "steered_accuracy": 0.86,
            "accuracy_improvement": 0.0,
            "base_f1": 0.8594941790445605,
            "steered_f1": 0.8594941790445605,
            "f1_improvement": 0.0,
            "average_layers_altered": 3,
            "time to complete": 524.4588822999795,
            "eval_config": {
                "dataset_path": "SetFit/enron_spam",
                "config_name": "default",
                "split": "test",
                "task_label": "Categorize this text as legitimate or spam:",
                "baseline_prompt": "A stack of magazines sat on the coffee table."
            }
        },
        "banking_intent end stats": {
            "base_cluster_score": -0.08558027446269989,
            "steered_cluster_score": -0.08567824214696884,
            "cluster_improvement": -9.796768426895142e-05,
            "base_ari": 0.03427689349144526,
            "steered_ari": 0.04513735457073605,
            "ari_improvement": 0.010860461079290791,
            "base_accuracy": 0.68,
            "steered_accuracy": 0.68,
            "accuracy_improvement": 0.0,
            "base_f1": 0.6691543948628969,
            "steered_f1": 0.6691543948628969,
            "f1_improvement": 0.0,
            "average_layers_altered": 3,
            "time to complete": 469.01870139999664,
            "eval_config": {
                "dataset_path": "banking77",
                "config_name": "default",
                "split": "test",
                "task_label": "Identify the customer intent in this banking query:",
                "baseline_prompt": "The clock on the wall shows the correct time."
            }
        },
        "sst2_sentiment end stats": {
            "base_cluster_score": 0.022641794756054878,
            "steered_cluster_score": 0.02263118140399456,
            "cluster_improvement": -1.0613352060317993e-05,
            "base_ari": 0.004905638975189833,
            "steered_ari": 0.004905638975189833,
            "ari_improvement": 0.0,
            "base_accuracy": 0.82,
            "steered_accuracy": 0.82,
            "accuracy_improvement": 0.0,
            "base_f1": 0.818840579710145,
            "steered_f1": 0.818840579710145,
            "f1_improvement": 0.0,
            "average_layers_altered": 3,
            "time to complete": 483.81559600000037,
            "eval_config": {
                "dataset_path": "glue",
                "config_name": "sst2",
                "split": "validation",
                "task_label": "Analyze the sentiment of this sentence:",
                "baseline_prompt": "A small bird flew across the yard."
            }
        },
        "tweet_irony end stats": {
            "base_cluster_score": 0.002491546096280217,
            "steered_cluster_score": 0.002497479785233736,
            "cluster_improvement": 5.9336889535188675e-06,
            "base_ari": 0.002240113197206702,
            "steered_ari": 0.002240113197206702,
            "ari_improvement": 0.0,
            "base_accuracy": 0.52,
            "steered_accuracy": 0.52,
            "accuracy_improvement": 0.0,
            "base_f1": 0.5198079231692677,
            "steered_f1": 0.5198079231692677,