{
    "timestamp": "20260430_124118",
    "loop_iteration": 6,
    "metrics": {
        "iteration": 6,
        "eval_samples": 500,
        "dataset build time": 6.00004568696022e-07,
        "avg_w": 0.00029286183292997326,
        "avg_r": 0.46114808923386513,
        "Screwdriver training time": 2574.7376362999785,
        "internal_params": {
            "beta": 1.9638140201568604,
            "restore_mag": -0.09308267384767532
        },
        "finance_sentiment end stats": {
            "base_cluster_score": -0.04738376662135124,
            "steered_cluster_score": -0.046830154955387115,
            "cluster_improvement": 0.0005536116659641266,
            "base_ari": 0.05661388827149712,
            "steered_ari": 0.05438260717156046,
            "ari_improvement": -0.002231281099936658,
            "base_accuracy": 0.81,
            "steered_accuracy": 0.81,
            "accuracy_improvement": 0.0,
            "base_f1": 0.7408271298593879,
            "steered_f1": 0.7408271298593879,
            "f1_improvement": 0.0,
            "average_layers_altered": 3,
            "time to complete": 501.4723224999907,
            "eval_config": {
                "dataset_path": "FinanceMTEB/financial_phrasebank",
                "config_name": "default",
                "split": "train",
                "task_label": "Analyze the sentiment of this text:",
                "baseline_prompt": "The event occurred on a Tuesday afternoon."
            }
        },
        "tweet_emotion end stats": {
            "base_cluster_score": -0.03063114359974861,
            "steered_cluster_score": -0.030607225373387337,
            "cluster_improvement": 2.391822636127472e-05,
            "base_ari": 0.0012792626453992872,
            "steered_ari": 0.0012792626453992872,
            "ari_improvement": 0.0,
            "base_accuracy": 0.6133333333333333,
            "steered_accuracy": 0.6133333333333333,
            "accuracy_improvement": 0.0,
            "base_f1": 0.5278443766346992,
            "steered_f1": 0.5278443766346992,
            "f1_improvement": 0.0,
            "average_layers_altered": 3,
            "time to complete": 378.48967019998236,
            "eval_config": {
                "dataset_path": "tweet_eval",
                "config_name": "emotion",
                "split": "validation",
                "task_label": "Determine the emotion of this text:",
                "baseline_prompt": "The event occurred on a Tuesday afternoon."
            }
        },
        "movie_sentiment end stats": {
            "base_cluster_score": 0.0,
            "steered_cluster_score": 0.0,
            "cluster_improvement": 0.0,
            "base_ari": 0.0,
            "steered_ari": 0.0,
            "ari_improvement": 0.0,
            "base_accuracy": 0.0,
            "steered_accuracy": 0.0,
            "accuracy_improvement": 0.0,
            "base_f1": 0.0,
            "steered_f1": 0.0,
            "f1_improvement": 0.0,
            "average_layers_altered": 3,
            "time to complete": 462.0651343000063,
            "eval_config": {
                "dataset_path": "rotten_tomatoes",
                "config_name": "default",
                "split": "validation",
                "task_label": "Analyze the sentiment of this text:",
                "baseline_prompt": "The window was left slightly open."
            }
        },
        "subjectivity end stats": {
            "base_cluster_score": 0.022586297243833542,
            "steered_cluster_score": 0.02249336987733841,
            "cluster_improvement": -9.292736649513245e-05,
            "base_ari": 0.023434278677744887,
            "steered_ari": 0.023434278677744887,
            "ari_improvement": 0.0,
            "base_accuracy": 0.93,
            "steered_accuracy": 0.93,
            "accuracy_improvement": 0.0,
            "base_f1": 0.9296553110240177,
            "steered_f1": 0.9296553110240177,
            "f1_improvement": 0.0,
            "average_layers_altered": 3,
            "time to complete": 496.8277529000188,
            "eval_config": {
                "dataset_path": "SetFit/subj",
                "config_name": "default",
                "split": "test",
                "task_label": "Determine if this text is objective or subjective:",
                "baseline_prompt": "The receipt was printed on thermal paper."
            }
        },
        "spam_detection end stats": {
            "base_cluster_score": 0.04843520000576973,
            "steered_cluster_score": 0.04847029224038124,
            "cluster_improvement": 3.509223461151123e-05,
            "base_ari": 0.031921730729074074,
            "steered_ari": 0.031921730729074074,
            "ari_improvement": 0.0,
            "base_accuracy": 0.9,
            "steered_accuracy": 0.9,
            "accuracy_improvement": 0.0,
            "base_f1": 0.8996386993175431,
            "steered_f1": 0.8996386993175431,
            "f1_improvement": 0.0,
            "average_layers_altered": 3,
            "time to complete": 521.7839157999842,
            "eval_config": {
                "dataset_path": "SetFit/enron_spam",
                "config_name": "default",
                "split": "test",
                "task_label": "Categorize this text as legitimate or spam:",
                "baseline_prompt": "A stack of magazines sat on the coffee table."
            }
        },
        "banking_intent end stats": {
            "base_cluster_score": -0.08558844029903412,
            "steered_cluster_score": -0.08547660708427429,
            "cluster_improvement": 0.00011183321475982666,
            "base_ari": 0.03653272745480813,
            "steered_ari": 0.04380384467499452,
            "ari_improvement": 0.0072711172201863905,
            "base_accuracy": 0.64,
            "steered_accuracy": 0.64,
            "accuracy_improvement": 0.0,
            "base_f1": 0.6241727854850028,
            "steered_f1": 0.6241727854850028,
            "f1_improvement": 0.0,
            "average_layers_altered": 3,
            "time to complete": 467.0971368000028,
            "eval_config": {
                "dataset_path": "banking77",
                "config_name": "default",
                "split": "test",
                "task_label": "Identify the customer intent in this banking query:",
                "baseline_prompt": "The clock on the wall shows the correct time."
            }
        },
        "sst2_sentiment end stats": {
            "base_cluster_score": 0.022641630843281746,
            "steered_cluster_score": 0.022641068324446678,
            "cluster_improvement": -5.62518835067749e-07,
            "base_ari": 0.004905638975189833,
            "steered_ari": 0.004905638975189833,
            "ari_improvement": 0.0,
            "base_accuracy": 0.82,
            "steered_accuracy": 0.82,
            "accuracy_improvement": 0.0,
            "base_f1": 0.8164014687882497,
            "steered_f1": 0.8164014687882497,
            "f1_improvement": 0.0,
            "average_layers_altered": 3,
            "time to complete": 480.6325703000184,
            "eval_config": {
                "dataset_path": "glue",
                "config_name": "sst2",
                "split": "validation",
                "task_label": "Analyze the sentiment of this sentence:",
                "baseline_prompt": "A small bird flew across the yard."
            }
        },
        "tweet_irony end stats": {
            "base_cluster_score": 0.0024998497683554888,
            "steered_cluster_score": 0.0024958911817520857,
            "cluster_improvement": -3.9585866034030914e-06,
            "base_ari": 0.01148429451354892,
            "steered_ari": 0.01148429451354892,
            "ari_improvement": 0.0,
            "base_accuracy": 0.57,
            "steered_accuracy": 0.58,
            "accuracy_improvement": 0.010000000000000009,
            "base_f1": 0.568922305764411,